{
  "All 4 modalities": {
    "WT": 0.8422549995874935,
    "TC": 0.7712152849602288,
    "ET": 0.6878766698415456
  },
  "Missing T1": {
    "WT": 0.8382898455548029,
    "TC": 0.7579615809285558,
    "ET": 0.665827311462086
  },
  "Missing T1ce": {
    "WT": 0.8190280862599238,
    "TC": 0.5805498698808014,
    "ET": 0.29784995386589924
  },
  "Missing T2": {
    "WT": 0.7899568366813132,
    "TC": 0.7522080187893981,
    "ET": 0.6844132816564555
  },
  "Missing FLAIR": {
    "WT": 0.7988478304374164,
    "TC": 0.7547182853187107,
    "ET": 0.6802561010277036
  },
  "Missing T1+T1ce": {
    "WT": 0.8108725213168851,
    "TC": 0.61884866388562,
    "ET": 0.32468118691273923
  },
  "Missing T1+T2": {
    "WT": 0.7881175649690327,
    "TC": 0.7193746015041363,
    "ET": 0.6447121367015112
  },
  "Missing T1+FLAIR": {
    "WT": 0.7745344279294842,
    "TC": 0.7547510585727752,
    "ET": 0.678312628072183
  },
  "Missing T1ce+T2": {
    "WT": 0.8280183846505315,
    "TC": 0.6344421739583654,
    "ET": 0.2685110456952434
  },
  "Missing T1ce+FLAIR": {
    "WT": 0.7243600968508146,
    "TC": 0.524041893474915,
    "ET": 0.2835468243419263
  },
  "Missing T2+FLAIR": {
    "WT": 0.6349377044767697,
    "TC": 0.6940463037966971,
    "ET": 0.6337899121777466
  },
  "Only T1": {
    "WT": 0.4873004830084659,
    "TC": 0.30143138453817797,
    "ET": 0.12839136175680177
  },
  "Only T1ce": {
    "WT": 0.5727649168404667,
    "TC": 0.6535952484081299,
    "ET": 0.610595192542012
  },
  "Only T2": {
    "WT": 0.6951813122714645,
    "TC": 0.49114278182875376,
    "ET": 0.2762530887738612
  },
  "Only FLAIR": {
    "WT": 0.800939503493152,
    "TC": 0.5916770202257736,
    "ET": 0.2695414542630823
  },
  "MEAN": {
    "WT": 0.7470269676218678,
    "TC": 0.6400002780047361,
    "ET": 0.47563720993938646
  }
}